{
    "performance_metrics": {
        "total_return": 0.05243809704836866,
        "annual_return": 0.047771123013923056,
        "annual_volatility": 0.037949636274765865,
        "sharpe_ratio": 1.2588031850436434,
        "max_drawdown": -0.019393982746778504
    },
    "position_metrics": {
        "avg_gross_exposure": 0.14130434782608695,
        "avg_net_exposure": 0.14130434782608695,
        "max_position_size": 0.053773539996841924,
        "avg_position_count": 6.5
    },
    "signal_metrics": {
        "signal_mean": 0.3263590781644981,
        "signal_std": 0.22617931609193637,
        "signal_skew": 0.6006740006297165,
        "signal_kurtosis": -0.7543852399329998
    }
}