{
    "total_return": 0.37344800556808333,
    "annual_return": 44.05538203212261,
    "annual_volatility": 0.6891861058742933,
    "sharpe_ratio": 5.897652094503731,
    "max_drawdown": -0.07462288866240063,
    "total_reward": 1.9593349715375736
}