{
    "total_return": 0.30909038436272107,
    "annual_return": 14.102675780529411,
    "annual_volatility": 0.47503249923804697,
    "sharpe_ratio": 5.980083741161241,
    "max_drawdown": -0.06607240367054623,
    "total_reward": 1.9203149403321116
}